"10/1/2026 0:00","CENTRAL JAVA","PURWOKERTO","CILACAP","JAVA","1.57247","1.54","1.38","96.94","0.06","0.07","85","42","41"
"10/1/2026 0:00","WEST JAVA","CIREBON","KOTA CIREBON","JAKARTA RAYA","0.30333","1.52","1.31","96.33","0.04","0.07","88","36","51"
"10/1/2026 0:00","BALI NUSRA","BALI TIMUR","GIANYAR","JAVA","0.62475","1.59","2.1","95.03","0.15","0.12","102","46","54"
"10/1/2026 0:00","EAST JAVA","PROBOLINGGO","KOTA PASURUAN","JAVA","0.13489","2.21","1.02","96.15","0.08","0.07","80","33","46"
"10/1/2026 0:00","KALIMANTAN","SAMARINDA","KUTAI KARTANEGARA","KALISUMAPA","1.23723","1.99","1.86","95.86","0.09","0.08","123","62","59"
"10/1/2026 0:00","CENTRAL SUMATERA","JAMBI","TANJUNG JABUNG TIMUR","SUMATERA","0.31441","2.06","3.2","94.65","0.12","0.13","114","79","34"
"10/1/2026 0:00","KALIMANTAN","PALANGKARAYA","GUNUNG MAS","KALISUMAPA","0.19169","3.4","2.09","92.87","0.14","0.12","180","116","61"
"10/1/2026 0:00","CENTRAL JAVA","SEMARANG","KENDAL","JAVA","0.89538","1.75","1.13","95.74","0.1","0.17","109","45","63"
"10/1/2026 0:00","EAST JAVA","TUBAN LAMONGAN","BOJONEGORO","JAVA","0.81487","1.27","1.08","96.73","0.11","0.06","92","37","54"
"10/1/2026 0:00","NORTHERN SUMATERA","KISARAN TEBING TINGGI","ASAHAN","SUMATERA","0.25115","2.09","1.86","94.68","0.12","0.24","121","73","46"
"10/1/2026 0:00","MAPA","MANADO","MINAHASA SELATAN","KALISUMAPA","0.34763","1.86","1.29","96.65","0.07","0.07","102","40","61"
"10/1/2026 0:00","WEST JAVA","KAB BANDUNG","BANDUNG","JAKARTA RAYA","3.54297","1.99","1.89","96.69","0.08","0.08","83","44","38"
"10/1/2026 0:00","CENTRAL JAVA","YOGYAKARTA","KOTA YOGYAKARTA","JAVA","0.60019","1.77","1.61","95.21","0.09","0.11","97","54","42"
"10/1/2026 0:00","SULAWESI","KENDARI","BUTON UTARA","KALISUMAPA","0.00562","1.77","4.67","89.9","0.7","0.07","239","169","65"
"10/1/2026 0:00","WEST JAVA","CIREBON","INDRAMAYU","JAKARTA RAYA","0.73114","1.59","1.39","95.23","0.04","0.1","90","44","44"
"10/1/2026 0:00","SOUTHERN SUMATERA","BENGKULU","KAUR","SUMATERA","0.14907","1.63","1.78","95.82","0.09","0.25","106","62","43"
"10/1/2026 0:00","KALIMANTAN","BANJARBARU","BANJAR","KALISUMAPA","0.78422","1.54","1.5","95.6","0.1","0.08","112","59","50"
"10/1/2026 0:00","SOUTHERN SUMATERA","METRO - KOTA BUMI","PESISIR BARAT","SUMATERA","0.32888","2.41","2.68","96.12","0.1","0.12","107","69","36"
"10/1/2026 0:00","NORTHERN SUMATERA","LHOKSEUMAWE","ACEH SINGKIL","SUMATERA","0.4434","2.59","2.12","96.05","0.13","0.25","130","87","42"
"10/1/2026 0:00","BALI NUSRA","FLORES BARAT","MANGGARAI BARAT","JAVA","0.14786","2.94","1.25","93.62","0.19","0.13","219","157","59"
"10/1/2026 0:00","BALI NUSRA","FLORES TIMUR","LEMBATA","JAVA","0.02821","8.59","3.74","90.93","0.15","0.19","310","259","47"
"10/1/2026 0:00","BALI NUSRA","FLORES TIMUR","ENDE","JAVA","0.06631","2.43","1.88","96.71","0.52","0.17","175","90","83"
"10/1/2026 0:00","SULAWESI","KENDARI","KOLAKA TIMUR","KALISUMAPA","0.07446","2.86","2.19","95.36","0.16","0.09","128","70","56"
"10/1/2026 0:00","SULAWESI","KENDARI","KOLAKA UTARA","KALISUMAPA","0.16986","2.87","2.02","94.42","0.09","0.07","150","82","66"
"10/1/2026 0:00","CENTRAL SUMATERA","BATAM","KOTA BATAM","SUMATERA","1.64571","2.68","1.51","94.55","0.14","0.12","106","64","40"
"10/1/2026 0:00","WEST JAVA","CIAMIS","PANGANDARAN","JAKARTA RAYA","0.34156","1.54","2.32","96.88","0.06","0.06","94","61","32"
"10/1/2026 0:00","SOUTHERN SUMATERA","METRO - KOTA BUMI","KOTA METRO","SUMATERA","0.22865","1.36","1.32","95.73","0.07","0.03","79","36","41"
"10/1/2026 0:00","MAPA","MALUKU","KOTA TUAL","KALISUMAPA","0.03684","1.85","2.44","95.55","0.09","0.66","149","96","51"
"10/1/2026 0:00","SOUTHERN SUMATERA","BENGKULU","BENGKULU SELATAN","SUMATERA","0.17488","2.32","2.45","94.45","0.11","0.35","157","102","53"
"10/1/2026 0:00","SOUTHERN SUMATERA","SRIBAWONO","MESUJI","SUMATERA","0.63672","2.28","2.04","96.21","0.1","0.08","103","66","36"
"10/1/2026 0:00","OUTER JAKARTA","TANGERANG","KOTA TANGERANG SELATAN","JAKARTA RAYA","4.10544","3.25","1.71","95.27","0.1","0.09","106","49","56"
"10/1/2026 0:00","SULAWESI","BONE","SINJAI","KALISUMAPA","0.18203","2.43","1.49","97.32","0.08","0.09","109","55","53"
"10/1/2026 0:00","MAPA","PAPUA","MIMIKA","KALISUMAPA","0.31084","2.49","2.44","96.15","0.12","0.56","140","88","51"
"10/1/2026 0:00","KALIMANTAN","BANJARBARU","TABALONG","KALISUMAPA","0.36984","1.15","1.63","96.09","0.08","0.08","113","61","50"
"10/1/2026 0:00","SOUTHERN SUMATERA","BATURAJA","OGAN KOMERING ULU TIMUR","SUMATERA","1.47079","1.77","2.28","96.81","0.08","0.06","89","53","35"
"10/1/2026 0:00","BALI NUSRA","BALI TIMUR","BANGLI","JAVA","0.15868","1.43","2.02","96.19","0.09","0.13","105","59","44"
"10/1/2026 0:00","MAPA","MALUKU","MALUKU TENGGARA BARAT","KALISUMAPA","0.02689","2.34","2.4","93.25","0.13","0.29","376","311","61"
"10/1/2026 0:00","KALIMANTAN","PALANGKARAYA","MURUNG RAYA","KALISUMAPA","0.23692","3.81","3.12","94","0.17","0.16","172","110","59"
"10/1/2026 0:00","MAPA","MANADO","MINAHASA UTARA","KALISUMAPA","0.24594","2.94","1.74","94.96","0.09","0.14","129","55","73"
"10/1/2026 0:00","SOUTHERN SUMATERA","SRIBAWONO","TULANG BAWANG","SUMATERA","0.96634","2.03","2.24","95.78","0.08","0.08","101","62","37"
"10/1/2026 0:00","WEST JAVA","KUNINGAN","SUMEDANG","JAKARTA RAYA","0.95865","1.5","1.93","97.19","0.08","0.05","73","37","35"
"10/1/2026 0:00","CENTRAL JAVA","SOLO","SUKOHARJO","JAVA","1.28383","1.66","2.19","96.79","0.05","0.04","77","36","40"
"10/1/2026 0:00","SOUTHERN SUMATERA","BATURAJA","MUSI RAWAS UTARA","SUMATERA","0.40194","2.76","2.66","94.82","0.11","0.12","118","81","35"
"10/1/2026 0:00","KALIMANTAN","SAMARINDA","KUTAI TIMUR","KALISUMAPA","0.66481","3.05","2.13","95.11","0.14","0.12","142","81","59"
"10/1/2026 0:00","EAST JAVA","JEMBER","JEMBER","JAVA","0.93689","1.75","1.09","96.21","0.1","0.09","108","51","55"
"10/1/2026 0:00","SULAWESI","GOWA","GOWA","KALISUMAPA","1.23916","2.36","1.6","96.14","0.1","0.06","105","49","55"
"10/1/2026 0:00","BALI NUSRA","FLORES TIMUR","ALOR","JAVA","0.02366","2.86","3.68","95.43","0.06","0.18","423","385","36"
"10/1/2026 0:00","MAPA","PAPUA","KEPULAUAN YAPEN","KALISUMAPA","0.01299","1.38","1.81","96.22","0.1","0.39","142","81","59"
"10/1/2026 0:00","CENTRAL JAVA","KEBUMEN","PURBALINGGA","JAVA","0.64432","1.58","1.46","96.45","0.04","0.11","94","47","46"
"10/1/2026 0:00","SULAWESI","KENDARI","BUTON SELATAN","KALISUMAPA","0.03745","1.96","1.99","94.61","0.06","0.07","149","81","65"
"10/1/2026 0:00","INNER JAKARTA","KAB BEKASI","BEKASI","JAKARTA RAYA","8.20333","3.04","1.91","95.1","0.09","0.09","107","57","48"
"10/1/2026 0:00","MAPA","NORTH MALUKU","HALMAHERA UTARA","KALISUMAPA","0.05795","2.29","2.73","97.43","0.56","0.56","119","73","45"
"10/1/2026 0:00","BALI NUSRA","LOMBOK","LOMBOK TIMUR","JAVA","0.19484","1.06","1.35","95.09","0.07","0.1","130","53","75"
"10/1/2026 0:00","CENTRAL SUMATERA","BATAM","NATUNA","SUMATERA","0.00236","2.18","4.44","85.51","0.21","0.18","461","411","44"
"10/1/2026 0:00","SULAWESI","PALU","BUOL","KALISUMAPA","0.03856","1.39","2.19","96.82","0.1","0.11","135","83","51"
